"id","categoria","procedimento","objetivo","nome_transacao","quando_usar","pre_requisitos","passo_a_passo","resultado_esperado","observacoes"
"PROC001","Notas Fiscais","Emissão de NF-e","Emitir uma Nota Fiscal Eletrônica para uma venda ou operação de saída.","NF001 - Emitir Nota Fiscal","Quando for necessário gerar uma NF-e para uma operação de saída.","Pedido aprovado; cliente cadastrado; produtos cadastrados; endereço de entrega válido.","1) Acesse NF001 - Emitir Nota Fiscal. 2) Clique em Nova NF. 3) Informe o pedido. 4) Confira cliente e endereço. 5) Confira produtos, quantidades e valores. 6) Informe transportadora e modalidade de frete. 7) Clique em Validar. 8) Clique em Emitir NF-e.","A NF-e é autorizada e recebe número, série e chave de acesso.","Se houver erro de validação, corrija os dados indicados antes de tentar emitir novamente."
"PROC002","Notas Fiscais","Consulta de NF-e","Consultar dados, status e informações de uma NF-e já emitida.","NF002 - Consultar NF","Quando precisar verificar número, chave, status, cliente ou itens da nota.","Número da NF, pedido ou chave de acesso.","1) Acesse NF002 - Consultar NF. 2) Informe o número da NF ou pedido. 3) Clique em Pesquisar. 4) Selecione a nota desejada. 5) Consulte os dados e o status.","Os dados da NF-e são exibidos para consulta.","Status Autorizada significa que a nota foi aprovada pela SEFAZ no ambiente fictício."
"PROC003","Notas Fiscais","Cancelamento de NF-e","Cancelar uma NF-e emitida quando a operação ainda permitir cancelamento.","NF003 - Cancelar NF","Quando uma NF-e precisar ser cancelada por erro de emissão ou desistência da operação.","NF-e autorizada; nota dentro do prazo de cancelamento; usuário com permissão de cancelamento.","1) Acesse NF003 - Cancelar NF. 2) Informe o número da NF. 3) Confira os dados. 4) Informe o motivo do cancelamento. 5) Clique em Solicitar Cancelamento. 6) Confirme a operação.","A NF-e passa para o status Cancelada.","Não cancele uma nota apenas por dúvida. Confirme o motivo e a autorização interna antes de concluir."
"PROC004","Transporte","Criação de Documento de Transporte","Criar um documento para registrar uma operação de transporte.","TR001 - Criar Documento de Transporte","Quando uma carga precisar ser programada e vinculada a um veículo e motorista.","Pedido ou NF-e disponível; motorista cadastrado; veículo cadastrado.","1) Acesse TR001 - Criar Documento de Transporte. 2) Clique em Novo Documento. 3) Informe origem e destino. 4) Vincule a NF-e. 5) Selecione motorista. 6) Selecione veículo. 7) Informe data prevista. 8) Salve o documento.","O documento de transporte é criado com um número identificador.","Revise origem, destino, motorista e veículo antes de salvar."
"PROC005","Transporte","Consulta de Documento de Transporte","Localizar um documento de transporte e consultar seu andamento.","TR002 - Consultar Transporte","Quando precisar acompanhar uma viagem ou confirmar dados do transporte.","Número do documento, NF-e ou placa do veículo.","1) Acesse TR002 - Consultar Transporte. 2) Informe um filtro. 3) Clique em Pesquisar. 4) Abra o documento. 5) Consulte status, carga, motorista e veículo.","O documento e seu status atual são exibidos.","Use filtros por data quando houver muitos registros."
"PROC006","Motoristas","Cadastro de Motorista","Cadastrar um novo motorista para permitir sua utilização nas operações de transporte.","CAD001 - Cadastro de Motorista","Quando um motorista novo começar a operar na empresa.","Nome completo; CPF; CNH; categoria da CNH; validade da CNH; telefone.","1) Acesse CAD001 - Cadastro de Motorista. 2) Clique em Novo. 3) Informe os dados pessoais. 4) Informe os dados da CNH. 5) Informe contato. 6) Clique em Validar. 7) Clique em Salvar.","O motorista é cadastrado e recebe um código interno.","Confira CPF e validade da CNH antes de salvar."
"PROC007","Motoristas","Inativação de Motorista","Impedir que um motorista deixe de aparecer para novas operações.","CAD002 - Inativar Motorista","Quando o motorista não estiver mais disponível para operações.","Motorista cadastrado; nenhuma operação futura impedindo a inativação.","1) Acesse CAD002 - Inativar Motorista. 2) Localize o motorista. 3) Confira o cadastro. 4) Informe o motivo. 5) Clique em Inativar. 6) Confirme.","O cadastro fica com status Inativo e não aparece em novas operações.","O histórico do motorista permanece disponível para consulta."
"PROC008","Veículos","Cadastro de Veículo","Cadastrar um veículo que será utilizado nas operações de transporte.","CAD003 - Cadastro de Veículo","Quando a empresa adicionar um novo veículo à operação.","Placa; modelo; tipo; capacidade de carga; ano; situação do veículo.","1) Acesse CAD003 - Cadastro de Veículo. 2) Clique em Novo. 3) Informe placa e dados do veículo. 4) Informe capacidade. 5) Confira a situação. 6) Clique em Salvar.","O veículo é cadastrado e fica disponível para vinculação aos transportes.","A placa deve ser única no sistema."
"PROC009","Pedidos","Criação de Pedido","Criar um pedido comercial ou operacional para iniciar o processo de atendimento.","PED001 - Criar Pedido","Quando uma nova solicitação de venda ou movimentação precisar ser registrada.","Cliente cadastrado; produtos cadastrados; condição comercial definida.","1) Acesse PED001 - Criar Pedido. 2) Clique em Novo Pedido. 3) Selecione o cliente. 4) Adicione os produtos. 5) Informe quantidades. 6) Confira preços e condições. 7) Informe endereço de entrega. 8) Salve o pedido.","O pedido é criado com status Pendente.","O pedido só pode ser liberado para faturamento após aprovação."
"PROC010","Pedidos","Aprovação de Pedido","Liberar um pedido para as próximas etapas do processo.","PED002 - Aprovar Pedido","Quando o pedido estiver pronto para seguir para separação ou faturamento.","Pedido criado; dados comerciais conferidos; usuário com permissão de aprovação.","1) Acesse PED002 - Aprovar Pedido. 2) Localize o pedido. 3) Revise cliente, itens e valores. 4) Clique em Aprovar. 5) Confirme a operação.","O pedido passa para status Aprovado.","Pedidos com dados incorretos devem ser devolvidos para ajuste em vez de aprovados."
"PROC011","Produtos","Cadastro de Produto","Cadastrar um novo produto para uso em pedidos e notas fiscais.","CAD004 - Cadastro de Produto","Quando um produto novo precisar ser incluído no sistema.","Descrição; unidade de medida; código interno; categoria; peso e dados fiscais básicos.","1) Acesse CAD004 - Cadastro de Produto. 2) Clique em Novo Produto. 3) Informe código e descrição. 4) Selecione unidade. 5) Informe categoria e peso. 6) Preencha dados fiscais básicos. 7) Clique em Validar. 8) Salve.","O produto fica cadastrado e disponível para pedidos.","Não crie códigos duplicados para produtos já existentes."
"PROC012","Produtos","Alteração de Produto","Atualizar informações permitidas de um produto já cadastrado.","CAD005 - Alterar Produto","Quando houver necessidade de corrigir ou atualizar dados cadastrais.","Produto existente; permissão de alteração.","1) Acesse CAD005 - Alterar Produto. 2) Pesquise o produto. 3) Abra o cadastro. 4) Edite os campos permitidos. 5) Clique em Validar. 6) Salve.","O cadastro do produto é atualizado.","Campos fiscais críticos podem exigir aprovação de um responsável."
"PROC013","Clientes","Cadastro de Cliente","Cadastrar um cliente para permitir pedidos e faturamento.","CAD006 - Cadastro de Cliente","Quando um novo cliente precisar ser incluído no sistema.","Razão social ou nome; CPF/CNPJ; endereço; cidade; estado; contato.","1) Acesse CAD006 - Cadastro de Cliente. 2) Clique em Novo. 3) Informe CPF/CNPJ. 4) Preencha dados da empresa ou pessoa. 5) Informe endereço. 6) Informe contato. 7) Valide os dados. 8) Salve.","O cliente recebe um código e fica disponível para pedidos.","Antes de cadastrar, pesquise pelo CPF/CNPJ para evitar duplicidade."
"PROC014","Clientes","Atualização de Endereço de Cliente","Atualizar endereço cadastrado para novas entregas e faturamentos.","CAD007 - Alterar Endereço Cliente","Quando o cliente informar mudança de endereço.","Cliente existente; novo endereço confirmado.","1) Acesse CAD007 - Alterar Endereço Cliente. 2) Pesquise o cliente. 3) Abra o endereço. 4) Edite CEP, logradouro, número, cidade e estado. 5) Salve.","O novo endereço fica disponível para novos pedidos.","Não altere endereços históricos de pedidos já faturados."
"PROC015","Estoque","Consulta de Estoque","Consultar o saldo disponível de um produto.","EST001 - Consultar Estoque","Quando precisar verificar quantidade disponível por produto e local.","Código do produto ou descrição.","1) Acesse EST001 - Consultar Estoque. 2) Informe o produto. 3) Selecione o local ou filial. 4) Clique em Pesquisar. 5) Confira disponível, reservado e bloqueado.","O sistema apresenta o saldo atualizado para o filtro informado.","Estoque reservado não deve ser tratado como estoque livre."
"PROC016","Estoque","Movimentação de Estoque","Registrar entrada, saída, ajuste ou transferência de estoque.","EST002 - Movimentar Estoque","Quando houver uma movimentação física que precise ser registrada no sistema.","Produto identificado; tipo de movimentação definido; quantidade validada.","1) Acesse EST002 - Movimentar Estoque. 2) Selecione o tipo de movimento. 3) Informe produto e quantidade. 4) Informe origem e destino quando aplicável. 5) Informe motivo. 6) Salve.","O saldo de estoque é atualizado conforme o movimento registrado.","Ajustes de estoque devem ter motivo e autorização interna."
"PROC017","Expedição","Separação de Pedido","Gerar a tarefa de separação dos itens de um pedido aprovado.","EXP001 - Separar Pedido","Quando um pedido aprovado estiver pronto para separação no estoque.","Pedido aprovado; itens disponíveis em estoque.","1) Acesse EXP001 - Separar Pedido. 2) Informe o pedido. 3) Confira os itens. 4) Gere a lista de separação. 5) Registre as quantidades separadas. 6) Finalize a separação.","O pedido passa para o status Separado.","Se faltar item, registre a divergência antes de finalizar."
"PROC018","Expedição","Conferência de Carga","Conferir se a carga preparada corresponde ao pedido e à NF-e.","EXP002 - Conferir Carga","Antes da saída do veículo.","Pedido separado; NF-e emitida; carga disponível para conferência.","1) Acesse EXP002 - Conferir Carga. 2) Informe o documento de transporte ou pedido. 3) Confira produtos e quantidades. 4) Compare com a NF-e. 5) Registre divergências, se houver. 6) Finalize a conferência.","A carga fica liberada para expedição quando não houver divergências.","Divergências devem ser corrigidas ou tratadas antes da saída."
"PROC019","Transporte","Programação de Viagem","Programar uma viagem com data, rota, veículo e motorista.","TR003 - Programar Viagem","Quando o transporte estiver pronto para receber programação de saída.","Documento de transporte criado; motorista e veículo disponíveis.","1) Acesse TR003 - Programar Viagem. 2) Clique em Nova Viagem. 3) Selecione documento de transporte. 4) Informe data e horário. 5) Confirme motorista. 6) Confirme veículo. 7) Salve a programação.","A viagem fica com status Programada.","Não programe veículo ou motorista já alocados para outra viagem no mesmo horário."
"PROC020","Transporte","Finalização de Viagem","Encerrar uma viagem após a entrega e registrar o resultado da operação.","TR004 - Finalizar Viagem","Quando a entrega tiver sido concluída ou a viagem encerrada por motivo operacional.","Viagem programada; documento de transporte; comprovante ou ocorrência registrada.","1) Acesse TR004 - Finalizar Viagem. 2) Informe a viagem. 3) Confirme data de conclusão. 4) Informe ocorrência, se houver. 5) Anexe comprovante quando aplicável. 6) Clique em Finalizar.","A viagem passa para status Finalizada.","Quando houver problema na entrega, registre a ocorrência antes de finalizar."
"PROC021","Usuários","Cadastro de Usuário Operacional","Cadastrar um colaborador para acesso ao sistema.","SEG001 - Cadastro de Usuário","Quando um novo colaborador precisar acessar o sistema interno.","Nome; e-mail corporativo; área; perfil de acesso aprovado pelo gestor.","1) Acesse SEG001 - Cadastro de Usuário. 2) Clique em Novo. 3) Informe nome e e-mail. 4) Selecione área. 5) Selecione perfil de acesso. 6) Salve. 7) O sistema envia instruções de primeiro acesso.","O usuário é criado com o perfil autorizado.","Nunca conceda perfil administrativo sem autorização formal."
"PROC022","Usuários","Redefinição de Senha","Permitir que um usuário redefina sua senha de acesso.","SEG002 - Redefinir Senha","Quando o usuário esquecer a senha ou precisar forçar uma nova senha.","Usuário cadastrado e identificável no sistema.","1) Acesse SEG002 - Redefinir Senha. 2) Pesquise o usuário. 3) Confirme a identidade conforme a política interna. 4) Clique em Gerar Redefinição. 5) O usuário receberá instruções no e-mail cadastrado.","O usuário consegue criar uma nova senha.","Não informe senhas provisórias por chat ou telefone."
"PROC023","Relatórios","Relatório de NFs Emitidas","Consultar ou exportar uma relação de NF-e emitidas em determinado período.","REL001 - NFs Emitidas","Quando precisar conferir notas emitidas por período, filial, cliente ou status.","Data inicial e final; filtros opcionais.","1) Acesse REL001 - NFs Emitidas. 2) Informe o período. 3) Selecione filtros adicionais. 4) Clique em Pesquisar. 5) Confira os resultados. 6) Clique em Exportar quando necessário.","O sistema apresenta a relação de NF-e conforme os filtros.","Prefira períodos menores para consultas muito extensas."
"PROC024","Relatórios","Relatório de Viagens","Consultar viagens programadas, em andamento ou finalizadas.","REL002 - Viagens","Quando precisar acompanhar a operação de transporte.","Período e, opcionalmente, motorista, veículo ou status.","1) Acesse REL002 - Viagens. 2) Informe período. 3) Escolha filtros. 4) Clique em Pesquisar. 5) Analise os resultados. 6) Exporte se necessário.","O relatório apresenta as viagens conforme os filtros selecionados.","Use o status da viagem para diferenciar programadas, em andamento e finalizadas."
"PROC025","Ocorrências","Registro de Ocorrência de Entrega","Registrar problemas ocorridos durante a entrega.","OC001 - Registrar Ocorrência","Quando houver recusa, avaria, endereço incorreto, ausência do destinatário ou outro problema.","Documento de transporte ou viagem; descrição do ocorrido; evidência quando disponível.","1) Acesse OC001 - Registrar Ocorrência. 2) Informe viagem ou documento. 3) Selecione o tipo de ocorrência. 4) Descreva o fato. 5) Informe data e responsável. 6) Anexe evidência quando aplicável. 7) Salve.","A ocorrência é registrada e fica disponível para acompanhamento.","Descreva os fatos de forma objetiva, sem informações desnecessárias."
